actor_id,access_code
1,sl9671
2,en9743
3,yx9675
4,tx5940
5,oe7061
6,hb5365
7,me6053
8,rg1967
9,kn6747
10,ii4352
11,rj8154
12,qu9695
13,kr4189
14,cb2978
15,jp8398
16,ys3565
17,lw5708
18,bw5253
19,fz1139
20,wn5300
21,zi4291
22,nv4586
23,fi7210
24,jt5045
25,ul3568
26,wo2356
27,it4401
28,gy9248
29,tq7972
30,zu9559
31,uf8119
32,jy2691
33,kf5086
34,gg6326
35,wm1993
36,pn4986
37,cx1615
38,at5455
39,ah9461
40,yh8517
41,po1622
42,mw7336
43,zp2181
44,uo6309
45,mt8170
46,mh2754
47,sj6777
48,gq9856
49,mc6695
50,ha8347
51,tk1460
52,xm9503
53,kz1916
54,sp3334
55,tj6242
56,tn6520
57,uj5394
58,ms3750
59,vq7601
60,bx7679
61,nh3410
62,pb3349
63,hm2544
64,rj9297
65,sg4062
66,ev8598
67,ov7625
68,mo3186
69,ri1542
70,dt9358
71,gs8334
72,jt8408
73,li9674
74,dv6574
75,jv7091
76,tz4583
77,oq9411
78,pi2287
79,qn4836
80,lx4758
81,lo7310
82,uc8366
83,xz2230
84,sz8464
85,vj9128
86,mo1472
87,fq8772
88,jr4907
89,bd3861
90,sq6319
91,be8338
92,ru7287
93,kt2091
94,yl7056
95,fk6103
96,wp6040
97,no5588
98,jo2868
99,pj3805
100,ef9143
101,uj3981
102,dh6458
103,qh2204
104,ne3089
105,bg6614
106,pf8736
107,sj9129
108,lt8431
109,uz9574
110,cf4022
111,uw8805
112,vo9626
113,tg8999
114,at3599
115,zr4801
116,yp1860
117,en7439
118,gq1330
119,xx1012
120,cq3180
121,kn1060
122,ho2988
123,yi7823
124,np1832
125,xv4999
126,tm6555
127,se7642
128,fp3623
129,ct6662
130,ww9040
131,mt6840
132,us7826
133,ok5772
134,ia2658
135,mt1913
136,xu4531
137,vd3303
138,tr5035
139,gy6095
140,tg4892
141,nf1094
142,zf9077
143,qt9398
144,py6538
145,ov9424
146,qv7074
147,xx3383
148,ae1803
149,ap6246
150,bo2616
151,ey5862
152,zi4728
153,nb2158
154,ri3793
155,br2763
156,xb2031
157,ws1216
158,ml9868
159,te1851
160,sh8808
161,ll5988
162,el5014
163,la3951
164,nu9413
165,cs1395
166,sf1727
167,wf3717
168,im2920
169,ku2842
170,lm5837
171,lt4204
172,dr9832
173,mp4003
174,fc6607
175,km2512
176,ix3819
177,io4367
178,sz7475
179,hp4642
180,qv3598
181,hm6251
182,cf6724
183,qf7156
184,lq2861
185,hl4996
186,ti2342
187,kh3024
188,aw8006
189,la5905
190,gz1929
191,vc8986
192,zh7145
193,ep2872
194,xn5900
195,vh9973
196,zq6764
197,xd1454
198,ox9331
199,vu7053
200,pz8676
